{"name":"BookFlight","identifier":"QVIUJR5MP2","description":null,"parentIntentSignature":null,"sampleUtterances":[{"utterance":"I want to book a flight"},{"utterance":"I need a flight"},{"utterance":"I would like to reserve a flight"},{"utterance":"I want to book a trip"},{"utterance":"i want to go on a trip"}],"intentConfirmationSetting":{"isActive":true,"declinationResponse":{"allowInterrupt":true,"messageGroupsList":[{"message":{"imageResponseCard":null,"ssmlMessage":null,"customPayload":null,"plainTextMessage":{"value":"OK, I won't book the flight."}},"variations":null}]},"failureNextStep":{"sessionAttributes":null,"dialogAction":{"type":"StartIntent","suppressNextMessage":null,"slotToElicit":null},"intent":{"name":"FallbackIntent","slots":null}},"elicitationCodeHook":{"enableCodeHookInvocation":true,"invocationLabel":null},"confirmationNextStep":{"sessionAttributes":null,"dialogAction":{"type":"FulfillIntent","suppressNextMessage":null,"slotToElicit":null},"intent":{"name":null,"slots":null}},"declinationNextStep":{"sessionAttributes":null,"dialogAction":{"type":"EndConversation","suppressNextMessage":null,"slotToElicit":null},"intent":{"name":null,"slots":null}},"promptSpecification":{"allowInterrupt":true,"messageSelectionStrategy":"Random","promptAttemptsSpecification":{"Retry1":{"allowedInputTypes":{"allowAudioInput":true,"allowDTMFInput":true},"audioAndDTMFInputSpecification":{"dtmfSpecification":{"maxLength":513,"deletionCharacter":"*","endCharacter":"#","endTimeoutMs":5000},"startTimeoutMs":4000,"audioSpecification":{"maxLengthMs":15000,"endTimeoutMs":640}},"allowInterrupt":true,"textInputSpecification":{"startTimeoutMs":30000}},"Retry4":{"allowedInputTypes":{"allowAudioInput":true,"allowDTMFInput":true},"audioAndDTMFInputSpecification":{"dtmfSpecification":{"maxLength":513,"deletionCharacter":"*","endCharacter":"#","endTimeoutMs":5000},"startTimeoutMs":4000,"audioSpecification":{"maxLengthMs":15000,"endTimeoutMs":640}},"allowInterrupt":true,"textInputSpecification":{"startTimeoutMs":30000}},"Retry2":{"allowedInputTypes":{"allowAudioInput":true,"allowDTMFInput":true},"audioAndDTMFInputSpecification":{"dtmfSpecification":{"maxLength":513,"deletionCharacter":"*","endCharacter":"#","endTimeoutMs":5000},"startTimeoutMs":4000,"audioSpecification":{"maxLengthMs":15000,"endTimeoutMs":640}},"allowInterrupt":true,"textInputSpecification":{"startTimeoutMs":30000}},"Retry3":{"allowedInputTypes":{"allowAudioInput":true,"allowDTMFInput":true},"audioAndDTMFInputSpecification":{"dtmfSpecification":{"maxLength":513,"deletionCharacter":"*","endCharacter":"#","endTimeoutMs":5000},"startTimeoutMs":4000,"audioSpecification":{"maxLengthMs":15000,"endTimeoutMs":640}},"allowInterrupt":true,"textInputSpecification":{"startTimeoutMs":30000}},"Initial":{"allowedInputTypes":{"allowAudioInput":true,"allowDTMFInput":true},"audioAndDTMFInputSpecification":{"dtmfSpecification":{"maxLength":513,"deletionCharacter":"*","endCharacter":"#","endTimeoutMs":5000},"startTimeoutMs":4000,"audioSpecification":{"maxLengthMs":15000,"endTimeoutMs":640}},"allowInterrupt":true,"textInputSpecification":{"startTimeoutMs":30000}}},"messageGroupsList":[{"message":{"imageResponseCard":null,"ssmlMessage":null,"customPayload":null,"plainTextMessage":{"value":"Ok, you want to book a flight for {Passengers} to {Destination} on {OutboundDate} and returning{ReturnDate} in {CabinClass}?"}},"variations":null}],"maxRetries":4}},"intentClosingSetting":{"isActive":true,"closingResponse":{"allowInterrupt":true,"messageGroupsList":[{"message":{"imageResponseCard":null,"ssmlMessage":null,"customPayload":null,"plainTextMessage":{"value":"Your booking has been confirmed."}},"variations":null}]},"nextStep":{"sessionAttributes":null,"dialogAction":{"type":"EndConversation","suppressNextMessage":null,"slotToElicit":null},"intent":{"name":null,"slots":null}}},"initialResponseSetting":{"initialResponse":null,"codeHook":{"isActive":true,"enableCodeHookInvocation":true,"invocationLabel":null,"postCodeHookSpecification":{"failureResponse":null,"failureNextStep":{"sessionAttributes":null,"dialogAction":{"type":"EndConversation","suppressNextMessage":null,"slotToElicit":null},"intent":{"name":null,"slots":null}},"failureConditional":null,"successNextStep":{"sessionAttributes":null,"dialogAction":{"type":"ElicitSlot","suppressNextMessage":null,"slotToElicit":"Passengers"},"intent":{"name":null,"slots":null}},"successResponse":null,"successConditional":null,"timeoutResponse":null,"timeoutNextStep":{"sessionAttributes":null,"dialogAction":{"type":"EndConversation","suppressNextMessage":null,"slotToElicit":null},"intent":{"name":null,"slots":null}},"timeoutConditional":null}},"conditional":null,"nextStep":{"sessionAttributes":null,"dialogAction":{"type":"InvokeDialogCodeHook","suppressNextMessage":null,"slotToElicit":null},"intent":{"name":null,"slots":null}}},"inputContexts":null,"outputContexts":null,"kendraConfiguration":null,"dialogCodeHook":null,"fulfillmentCodeHook":{"isActive":true,"fulfillmentUpdatesSpecification":null,"postFulfillmentStatusSpecification":{"failureResponse":{"allowInterrupt":true,"messageGroupsList":[{"message":{"imageResponseCard":null,"ssmlMessage":null,"customPayload":null,"plainTextMessage":{"value":"Something went wrong."}},"variations":null}]},"failureNextStep":{"sessionAttributes":null,"dialogAction":{"type":"CloseIntent","suppressNextMessage":null,"slotToElicit":null},"intent":{"name":null,"slots":null}},"successNextStep":{"sessionAttributes":null,"dialogAction":{"type":"CloseIntent","suppressNextMessage":null,"slotToElicit":null},"intent":{"name":null,"slots":null}},"successResponse":{"allowInterrupt":true,"messageGroupsList":[{"message":{"imageResponseCard":null,"ssmlMessage":null,"customPayload":null,"plainTextMessage":{"value":"Your booking has been successfully submitted."}},"variations":null}]},"timeoutResponse":null,"timeoutNextStep":{"sessionAttributes":null,"dialogAction":{"type":"CloseIntent","suppressNextMessage":null,"slotToElicit":null},"intent":{"name":null,"slots":null}}},"enabled":false},"slotPriorities":[{"priority":1,"slotName":"Passengers"},{"priority":3,"slotName":"OutboundDate"},{"priority":4,"slotName":"ReturnDate"},{"priority":5,"slotName":"CabinClass"},{"priority":2,"slotName":"Destination"}]}